{
	"format_version": "1.8.0",
	"animations": {
		"animation.bunny.sit": {
			"loop": true,
			"animation_length": 8.08333,
			"bones": {
				"haunchLeft": {
					"rotation": {
						"0.0": {
							"vector": [0, 0, 0]
						},
						"0.3333": {
							"vector": [-70, 0, 0]
						},
						"5.6667": {
							"vector": [-70, 0, 0]
						},
						"6.0417": {
							"vector": [0, 0, 0]
						}
					},
					"position": {
						"0.0": {
							"vector": [0, 0, 0]
						},
						"0.3333": {
							"vector": [0, -0.5, 3]
						},
						"5.6667": {
							"vector": [0, -0.5, 3]
						},
						"6.0417": {
							"vector": [0, 0, 0]
						}
					}
				},
				"haunchRight": {
					"rotation": {
						"0.0": {
							"vector": [0, 0, 0]
						},
						"0.3333": {
							"vector": [-70, 0, 0]
						},
						"2.625": {
							"vector": [-70, 0, 0]
						},
						"2.8333": {
							"vector": [-70, 0, 0]
						},
						"5.6667": {
							"vector": [-70, 0, 0]
						},
						"6.0417": {
							"vector": [0, 0, 0]
						}
					},
					"position": {
						"0.0": {
							"vector": [0, 0, 0]
						},
						"0.3333": {
							"vector": [0, -0.5, 3]
						},
						"2.625": {
							"vector": [0, -0.5, 3]
						},
						"2.8333": {
							"vector": [0, -0.5, 3]
						},
						"5.6667": {
							"vector": [0, -0.5, 3]
						},
						"6.0417": {
							"vector": [0, 0, 0]
						}
					}
				},
				"body": {
					"rotation": {
						"0.0": {
							"vector": [0, 0, 0]
						},
						"0.3333": {
							"vector": [-30, 0, 0]
						},
						"5.6667": {
							"vector": [-30, 0, 0]
						},
						"6.0417": {
							"vector": [0, 0, 0]
						}
					},
					"position": {
						"0.0": {
							"vector": [0, 0, 0]
						},
						"0.3333": {
							"vector": [0, -3, -1]
						},
						"5.6667": {
							"vector": [0, -3, -1]
						},
						"6.0417": {
							"vector": [0, 0, 0]
						}
					}
				},
				"frontLegLeft": {
					"rotation": {
						"0.0": {
							"vector": [0, 0, 0]
						},
						"0.3333": {
							"vector": [0, 0, 0]
						},
						"2.625": {
							"vector": [0, 0, 0]
						},
						"3.0": {
							"vector": [-98.07779, 14.2906, -4.60659]
						},
						"3.0833": {
							"vector": [-100.57779, 14.2906, -4.60659]
						},
						"3.3333": {
							"vector": [-103.07779, 14.2906, -4.60659]
						},
						"3.5417": {
							"vector": [-100.57779, 14.2906, -4.60659]
						},
						"3.75": {
							"vector": [-98.07779, 14.2906, -4.60659]
						},
						"3.9583": {
							"vector": [-100.57779, 14.2906, -4.60659]
						},
						"4.1667": {
							"vector": [-88.07779, 14.2906, -4.60659]
						},
						"4.4167": {
							"vector": [-100.57779, 14.2906, -4.60659]
						},
						"4.625": {
							"vector": [-98.07779, 14.2906, -4.60659]
						},
						"4.8333": {
							"vector": [-100.57779, 14.2906, -4.60659]
						},
						"5.0417": {
							"vector": [-88.07779, 14.2906, -4.60659]
						},
						"5.2917": {
							"vector": [0, 0, 0]
						},
						"5.6667": {
							"vector": [0, 0, 0]
						},
						"6.0417": {
							"vector": [0, 0, 0]
						}
					},
					"position": {
						"0.0": {
							"vector": [0, 0, 0]
						},
						"0.3333": {
							"vector": [0, 0, 1]
						},
						"2.625": {
							"vector": [0, 0, 1]
						},
						"3.0": {
							"vector": [0, 0, 2]
						},
						"3.0833": {
							"vector": [0, 0, 2]
						},
						"3.3333": {
							"vector": [0, 0, 2]
						},
						"3.5417": {
							"vector": [0, 0, 2]
						},
						"3.75": {
							"vector": [0, 0, 2]
						},
						"3.9583": {
							"vector": [0, 0, 2]
						},
						"4.1667": {
							"vector": [0, 0, 2]
						},
						"4.4167": {
							"vector": [0, 0, 2]
						},
						"4.625": {
							"vector": [0, 0, 2]
						},
						"4.8333": {
							"vector": [0, 0, 2]
						},
						"5.0417": {
							"vector": [0, 0, 2]
						},
						"5.2917": {
							"vector": [0, 0, 1]
						},
						"5.6667": {
							"vector": [0, 0, 1]
						},
						"6.0417": {
							"vector": [0, 0, 0]
						}
					}
				},
				"frontLegRight": {
					"rotation": {
						"0.0": {
							"vector": [0, 0, 0]
						},
						"0.3333": {
							"vector": [0, 0, 0]
						},
						"2.625": {
							"vector": [0, 0, 0]
						},
						"3.0": {
							"vector": [-99.18246, -23.7695, 7.98205]
						},
						"3.0833": {
							"vector": [-101.68246, -23.7695, 7.98205]
						},
						"3.3333": {
							"vector": [-104.18246, -23.7695, 7.98205]
						},
						"3.5417": {
							"vector": [-101.68246, -23.7695, 7.98205]
						},
						"3.75": {
							"vector": [-99.18246, -23.7695, 7.98205]
						},
						"3.9583": {
							"vector": [-101.68246, -23.7695, 7.98205]
						},
						"4.1667": {
							"vector": [-91.68246, -23.7695, 7.98205]
						},
						"4.4167": {
							"vector": [-101.68246, -23.7695, 7.98205]
						},
						"4.625": {
							"vector": [-99.18246, -23.7695, 7.98205]
						},
						"4.8333": {
							"vector": [-101.68246, -23.7695, 7.98205]
						},
						"5.0417": {
							"vector": [-91.68246, -23.7695, 7.98205]
						},
						"5.2917": {
							"vector": [0, 0, 0]
						},
						"5.6667": {
							"vector": [0, 0, 0]
						},
						"6.0417": {
							"vector": [0, 0, 0]
						}
					},
					"position": {
						"0.0": {
							"vector": [0, 0, 0]
						},
						"0.3333": {
							"vector": [0, 0, 1]
						},
						"2.625": {
							"vector": [0, 0, 1]
						},
						"3.0": {
							"vector": [-1, 0, 2]
						},
						"3.0833": {
							"vector": [-1, 0, 2]
						},
						"3.3333": {
							"vector": [-1, 0, 2]
						},
						"3.5417": {
							"vector": [-1, 0, 2]
						},
						"3.75": {
							"vector": [-1, 0, 2]
						},
						"3.9583": {
							"vector": [-1, 0, 2]
						},
						"4.1667": {
							"vector": [-1, 0, 2]
						},
						"4.4167": {
							"vector": [-1, 0, 2]
						},
						"4.625": {
							"vector": [-1, 0, 2]
						},
						"4.8333": {
							"vector": [-1, 0, 2]
						},
						"5.0417": {
							"vector": [-1, 0, 2]
						},
						"5.2917": {
							"vector": [0, 0, 1]
						},
						"5.6667": {
							"vector": [0, 0, 1]
						},
						"6.0417": {
							"vector": [0, 0, 0]
						}
					}
				},
				"head": {
					"rotation": {
						"3.0": {
							"vector": [0, 0, 0]
						},
						"3.0833": {
							"vector": [37.5, 0, 0]
						},
						"3.75": {
							"vector": [45, 0, 0]
						},
						"5.2917": {
							"vector": [45, 0, 0]
						},
						"5.6667": {
							"vector": [5, 0, 0]
						}
					},
					"position": {
						"0.0": {
							"vector": [0, 0, 0]
						},
						"0.3333": {
							"vector": [0, 0.5, 2]
						},
						"2.625": {
							"vector": [0, 0.5, 2]
						},
						"2.8333": {
							"vector": [0, 0.5, 2]
						},
						"3.0": {
							"vector": [0, 0.5, 2]
						},
						"3.0833": {
							"vector": [0, 2.5, 2.5]
						},
						"3.75": {
							"vector": [0, 2.5, 2.5]
						},
						"5.2917": {
							"vector": [0, 2.5, 2.5]
						},
						"5.6667": {
							"vector": [0, 1.5, 2]
						},
						"6.0417": {
							"vector": [0, 0, 0]
						}
					}
				},
				"earRight": {
					"rotation": {
						"3.0": {
							"vector": [3.51012, 4.09454, -4.50142]
						},
						"3.0833": {
							"vector": [43.51012, 4.09454, -4.50142]
						},
						"3.75": {
							"vector": [47.51, 4.09, -4.5]
						},
						"5.2917": {
							"vector": [47.51, 4.09, -4.5]
						},
						"5.6667": {
							"vector": [7.51, 4.09, -4.5]
						}
					},
					"position": {
						"0.0": {
							"vector": [0, 0, 0]
						},
						"0.3333": {
							"vector": [0, 0.5, 2]
						},
						"2.625": {
							"vector": [0, 0.5, 2]
						},
						"2.8333": {
							"vector": [0, 0.5, 2]
						},
						"3.0": {
							"vector": [0, 0.5, 1.93]
						},
						"3.0833": {
							"vector": [0, 1.1, 0.4]
						},
						"3.75": {
							"vector": [0, 0.6, -0.1]
						},
						"5.2917": {
							"vector": [0, 0.6, -0.1]
						},
						"5.6667": {
							"vector": [0, 1.5, 2]
						},